year_week,category1,subtotal,quantity,構成比
2026-W08,ジャパニーズカクテル,9700,6,41.99134199134199
2026-W08,オリジナルカクテル,3600,2,15.584415584415584
2026-W08,スナック,2600,2,11.255411255411255
2026-W08,その他,2000,4,8.658008658008658
2026-W08,アラカルト,1800,1,7.792207792207792
2026-W08,ワイン（グラス）,1800,1,7.792207792207792
2026-W08,ご飯もの,1600,1,6.926406926406926
2026-W08,未設定,0,1,0.0
