business_hour,account_total,customer_count,account_id,客単価,time_bucket
6,318920.0,56,22,5695.0,その他
7,608680.0,100,29,6086.8,その他
8,381340.0,79,32,4827.088607594937,その他
9,473400.0,84,18,5635.714285714285,その他
10,42390.0,2,3,21195.0,その他
27,6820.0,4,2,1705.0,その他
28,51970.0,11,5,4724.545454545455,その他
29,118340.0,29,11,4080.689655172414,その他
