year_week,売上,客数,組数,客単価
2026-W05,3960.0,2,1,1980.0
2026-W06,548290.0,98,34,5594.7959183673465
2026-W07,640040.0,129,44,4961.550387596899
2026-W08,761790.0,125,37,6094.32
2026-W09,47780.0,11,6,4343.636363636364
