year_week,category1,subtotal,quantity,構成比
2026-W15,ランチ,454600.0,242,31.740490420599897
2026-W15,フード,394250.0,226,27.52681114896945
2026-W15,コース,186600.0,23,13.02854270234039
2026-W15,ウーバーイーツ,148950.0,62,10.399793330726693
2026-W15,ドリンク,148090.0,170,10.339747528347203
2026-W15,出前館,52250.0,12,3.6481315980561915
2026-W15,ロケットナウ,31500.0,28,2.199352063899905
2026-W15,TO/出前,12800.0,3,0.8937049656482154
2026-W15,menu,3200.0,2,0.22342624141205386
