比較,日次売上_After,日次売上_Before同窓 (3/1-3/18),日次売上_差%,日次客数_差%,日次組数_差%,客単価_差%,組単価_差%,平均GS_差%,日次売上_Before月 (3/1-3/31),日次売上_YoY (2025/4/1-4/18)
After vs Before同窓 (3/1-3/18),92030.58823529411,81361.66666666667,13.112958479989478,33.50383631713554,-6.823529411764695,-15.273626885678382,21.396483217160434,43.28063241106721,,
After vs Before月 (3/1-3/31),92030.58823529411,,-2.365840932003316,1.5016371231794112,-14.643304130162694,-3.810261750250654,14.383714216025446,18.914674576862666,94260.64516129032,
After vs YoY (2025/4/1-4/18),92030.58823529411,,-32.91878061951374,-38.46516562536838,-50.17301038062283,9.013406897445385,34.62828056222591,23.496993987975955,,137192.77777777778
