year_week,category1,subtotal,quantity,構成比
2026-W21,ランチ,346180.0,261,25.789677573156922
2026-W21,コース,312600.0,27,23.2880386197032
2026-W21,フード,296740.0,176,22.106502175338218
2026-W21,ウーバーイーツ,180350.0,69,13.435693426306694
2026-W21,ドリンク,109650.0,130,8.168693009118542
2026-W21,ロケットナウ,68000.0,44,5.065856129685916
2026-W21,menu,14800.0,3,1.1025686870492877
2026-W21,TO/出前,14000.0,4,1.0429703796412182
