year_week,category1,subtotal,quantity,構成比
2026-W23,テイクアウト,602480.0,129,46.13275955802966
2026-W23,フード,294800.0,156,22.573259722658253
2026-W23,デリバリー,243000.0,500,18.606859269355343
2026-W23,ドリンク,82350.0,100,6.305657863503756
2026-W23,コース,63400.0,13,4.854629126243329
2026-W23,ランチ,14600.0,4,1.1179429849077696
2026-W23,ウーバーイーツ,5340.0,34,0.40889147530188286
