year_week,category1,subtotal,quantity,構成比
2026-W14,ランチ,356150.0,225,28.236516003203022
2026-W14,コース,299000.0,29,23.705512522694658
2026-W14,フード,267610.0,153,21.216830121064607
2026-W14,ウーバーイーツ,146750.0,46,11.634728972259001
2026-W14,ドリンク,124200.0,141,9.846905201734705
2026-W14,ロケットナウ,38100.0,23,3.0206689870055734
2026-W14,出前館,25300.0,7,2.005851059612625
2026-W14,TO/出前,4200.0,1,0.33298713242581124
