business_hour,account_total,customer_count,account_id,客単価
17,383520.0,42,15,9131.42857142857
18,2412800.0,234,60,10311.111111111111
19,1858050.0,186,48,9989.516129032258
20,317360.0,40,11,7934.0
