year_week,category1,subtotal,quantity,構成比
2026-W23,フード,651380.0,371,23.147091955125813
2026-W23,テイクアウト,558080.0,113,19.831632961277002
2026-W23,ランチ,391610.0,217,13.916043907622003
2026-W23,コース,318400.0,39,11.314492429168933
2026-W23,デリバリー,315000.0,648,11.193671844184088
2026-W23,ドリンク,258200.0,309,9.175257365613751
2026-W23,ウーバーイーツ,181420.0,89,6.446844272926594
2026-W23,ロケットナウ,91800.0,57,3.262155794590791
2026-W23,TO/出前,43200.0,7,1.5351321386309607
2026-W23,出前館,5000.0,2,0.17767733086006487
