year_week,category1,subtotal,quantity,構成比
2026-W23,フード,651380.0,371,23.754873107738987
2026-W23,テイクアウト,558080.0,113,20.352358967065268
2026-W23,ランチ,391610.0,217,14.281442257548074
2026-W23,コース,318400.0,39,11.611580947379553
2026-W23,ドリンク,258200.0,309,9.416175253182791
2026-W23,デリバリー,243000.0,500,8.861853549664673
2026-W23,ウーバーイーツ,181420.0,89,6.616121279753765
2026-W23,ロケットナウ,91800.0,57,3.3478113409844314
2026-W23,TO/出前,43200.0,7,1.5754406310514972
2026-W23,出前館,5000.0,2,0.18234266563096033
