year_week,category1,subtotal,quantity,構成比
2026-W20,ランチ,314920.0,206,27.56146016576085
2026-W20,フード,302290.0,176,26.456096130788282
2026-W20,コース,217600.0,24,19.04411829058034
2026-W20,ウーバーイーツ,117050.0,39,10.244090284524027
2026-W20,ドリンク,116150.0,132,10.165323251153062
2026-W20,ロケットナウ,31100.0,30,2.7218385975967303
2026-W20,TO/出前,21000.0,5,1.837897445322551
2026-W20,出前館,18100.0,4,1.5840925600161033
2026-W20,menu,4400.0,1,0.38508327425805833
