year_week,売上,客数,組数,客単価
2025-W48,198450.0,19,6,10444.736842105263
2025-W49,171360.0,17,6,10080.0
2025-W50,1074150.0,105,20,10230.0
2025-W51,1891050.0,191,43,9900.785340314136
2025-W52,1516370.0,158,54,9597.278481012658
2026-W01,120350.0,12,5,10029.166666666666
2026-W02,619620.0,70,22,8851.714285714286
2026-W03,720750.0,80,31,9009.375
2026-W04,953210.0,89,14,10710.224719101123
2026-W05,880430.0,89,25,9892.47191011236
