year_week,category1,subtotal,quantity,構成比
2026-W22,ランチ,370120.0,217,31.179027529736835
2026-W22,フード,255000.0,164,21.481281800721096
2026-W22,コース,198800.0,25,16.74697577248374
2026-W22,ウーバーイーツ,190640.0,68,16.059574754860666
2026-W22,ドリンク,86120.0,107,7.254776426188631
2026-W22,ロケットナウ,49100.0,32,4.13619975064865
2026-W22,TO/出前,37300.0,7,3.1421639653603806
