week,category1,subtotal,quantity,構成比
2026-W08,フード,495460,305,28.90901240474718
2026-W08,コース,369000,51,21.53034670276452
2026-W08,ランチ,332220,187,19.384313771253193
2026-W08,ウーバーイーツ,232570,92,13.56995320504592
2026-W08,ドリンク,178710,219,10.427339455964898
2026-W08,TO/出前,57400,23,3.349165042652259
2026-W08,ロケットナウ,25700,22,1.4995390521979626
2026-W08,menu,18400,5,1.07359994398609
2026-W08,ウォルト,4400,1,0.256730421387978
