business_hour,account_total,customer_count,account_id,客単価,time_bucket
6,13890.0,0,2,inf,その他
7,2000.0,0,1,inf,その他
20,238080.0,51,34,4668.235294117647,20-22時
21,197850.0,86,51,2300.5813953488373,20-22時
22,98570.0,30,25,3285.6666666666665,22-24時
23,11950.0,2,3,5975.0,22-24時
24,3430.0,0,1,inf,24-26時
25,38240.0,0,4,inf,24-26時
26,467620.0,44,23,10627.727272727272,その他
27,323630.0,29,16,11159.655172413793,その他
28,142590.0,17,19,8387.64705882353,その他
29,90640.0,5,16,18128.0,その他
