year_week,category1,subtotal,quantity,構成比
2026-W10,テイクアウト,525210,120,48.381034848052174
2026-W10,フード,297730,154,27.426144790294497
2026-W10,コース,142260,21,13.104636274031153
2026-W10,ドリンク,113200,101,10.427701576130511
2026-W10,ウーバーイーツ,6870,44,0.6328472599648112
2026-W10,ランチ,300,1,0.02763525152684765
