business_hour,account_total,customer_count,account_id,客単価,time_bucket
20,22960,2,2,11480.0,20-22時
21,198220,20,12,9911.0,20-22時
22,59450,2,7,29725.0,22-24時
23,15100,0,2,inf,22-24時
24,14800,0,2,inf,24-26時
25,25580,0,2,inf,24-26時
26,257490,12,16,21457.5,その他
27,351670,19,17,18508.947368421053,その他
28,109160,3,9,36386.666666666664,その他
29,56850,0,3,inf,その他
